epoch,time,train/box_loss,train/cls_loss,train/dfl_loss,metrics/precision(B),metrics/recall(B),metrics/mAP50(B),metrics/mAP50-95(B),val/box_loss,val/cls_loss,val/dfl_loss,lr/pg0,lr/pg1,lr/pg2
1,29.4985,1.01554,6.92957,1.1235,0.025,0.1875,0.01061,0.00755,0.60269,6.63953,0.87531,6.668e-05,6.668e-05,6.668e-05
2,31.5869,0.86339,6.94893,0.99999,0.80887,0.4375,0.37004,0.31323,0.69495,5.12482,0.90549,0.000147555,0.000147555,0.000147555
3,33.8234,0.6619,3.53809,0.91088,0.84531,0.5,0.54408,0.48103,0.51927,5.38841,0.8647,0.000225678,0.000225678,0.000225678
4,36.0255,0.65833,2.16035,0.90069,0.4206,1,0.58176,0.51016,0.54583,3.74493,0.86297,0.000301052,0.000301052,0.000301052
5,38.6096,0.66693,1.76213,0.90556,0.937,0.4375,0.58064,0.49347,0.65965,2.4966,0.88166,0.000373675,0.000373675,0.000373675
6,41.4055,0.65735,1.55578,0.89674,0.44172,0.84114,0.69792,0.58748,0.69563,2.35369,0.87751,0.000443547,0.000443547,0.000443547
7,43.5889,0.60475,1.39704,0.87401,0.59011,0.99424,0.62889,0.59673,0.49372,2.00694,0.84615,0.000510669,0.000510669,0.000510669
8,45.6885,0.67513,1.22873,0.8745,0.94233,0.5,0.52514,0.45475,0.55946,1.76823,0.8569,0.00057504,0.00057504,0.00057504
9,48.0394,0.7236,1.22431,0.90214,0.39352,0.5,0.45592,0.36265,0.75221,1.69979,0.93831,0.000636661,0.000636661,0.000636661
10,50.1643,0.73503,1.07305,0.91188,0.44711,0.8746,0.50014,0.40519,0.68121,1.84111,0.8651,0.000695531,0.000695531,0.000695531
11,52.4203,0.75019,1.01133,0.92452,0.45008,0.8125,0.34106,0.27108,0.88312,2.8521,0.91402,0.00075165,0.00075165,0.00075165
12,55.5167,0.75748,1.03845,0.94152,0.4372,0.43538,0.4417,0.35611,0.83567,1.87108,0.96361,0.000805019,0.000805019,0.000805019
13,57.5797,0.67903,0.8449,0.90433,0.42404,0.375,0.42778,0.31987,0.92223,1.74516,0.96671,0.000855638,0.000855638,0.000855638
14,59.5833,0.66455,0.75835,0.88273,0.45152,0.3125,0.40132,0.3179,0.75201,3.26277,0.92256,0.000903506,0.000903506,0.000903506
15,61.6006,0.70855,0.84849,0.92245,0.46229,0.875,0.42135,0.34145,0.83548,2.13684,0.96075,0.000948623,0.000948623,0.000948623
16,63.6699,0.72109,0.86614,0.92507,0.43381,0.4375,0.40512,0.30084,0.88027,1.85635,0.94332,0.00099099,0.00099099,0.00099099
17,65.9302,0.69772,0.82776,0.94608,0.37075,0.375,0.386,0.3168,0.78975,5.47252,0.90118,0.00103061,0.00103061,0.00103061
18,68.8175,0.69552,0.77938,0.88877,0.36988,0.375,0.3203,0.27598,0.78621,11.7686,0.93859,0.00106747,0.00106747,0.00106747
19,70.9756,0.70446,0.96771,0.94316,0.1633,0.25,0.13857,0.10483,0.82799,88.3978,0.94935,0.00110159,0.00110159,0.00110159
20,73.0007,0.69721,0.80558,0.91645,0.43219,0.4375,0.39148,0.31765,0.79553,8.62738,0.93863,0.00113295,0.00113295,0.00113295
21,75.0582,0.67108,0.7865,0.89545,0.31854,0.25,0.25883,0.24339,0.84879,53.4763,1.54113,0.00111689,0.00111689,0.00111689
22,77.0275,0.68603,0.77949,0.8838,0.05665,0.25,0.0369,0.03137,1.0389,244.663,2.13165,0.00108938,0.00108938,0.00108938
23,79.0686,0.58391,0.65495,0.8753,0.13044,0.30903,0.09796,0.07316,1.34025,160.166,2.03374,0.00106188,0.00106188,0.00106188
24,82.203,0.63826,0.69,0.89988,0.43529,0.4375,0.40664,0.33746,0.75787,25.2339,0.99627,0.00103437,0.00103437,0.00103437
25,84.3318,0.63048,0.642,0.87717,0.42078,0.375,0.41431,0.35557,0.824,49.9204,1.00325,0.00100687,0.00100687,0.00100687
26,86.3677,0.62063,0.68629,0.91094,0.43708,0.43458,0.4222,0.31774,0.84103,112.305,0.99576,0.000979362,0.000979362,0.000979362
27,88.3688,0.63845,0.60845,0.86782,0.44162,0.5,0.49802,0.42645,0.69199,55.0014,0.87602,0.000951857,0.000951857,0.000951857
28,90.4957,0.64177,0.59422,0.89909,0.4919,0.5,0.50809,0.44784,0.57445,3.57755,0.86096,0.000924352,0.000924352,0.000924352
29,92.576,0.68618,0.66493,0.89783,0.48608,0.5,0.50623,0.43497,0.59988,3.45854,0.86978,0.000896846,0.000896846,0.000896846
30,95.429,0.58726,0.50344,0.87398,0.44052,0.5,0.48714,0.41073,0.65099,2.19095,0.88396,0.00086934,0.00086934,0.00086934
31,97.7472,0.56423,0.53237,0.87978,0.4409,0.5,0.46508,0.40777,0.58282,1.21382,0.8569,0.000841835,0.000841835,0.000841835
32,99.8033,0.57927,0.55798,0.87528,0.93795,0.5,0.48317,0.4281,0.64148,0.85261,0.86375,0.000814329,0.000814329,0.000814329
33,101.858,0.59225,0.5413,0.91108,0.39908,0.49482,0.50013,0.4234,0.65943,1.5127,0.85929,0.000786824,0.000786824,0.000786824
34,103.895,0.56451,0.51535,0.87702,0.93912,0.5,0.47683,0.39663,0.64681,1.13665,0.86368,0.000759318,0.000759318,0.000759318
35,105.974,0.56844,0.49852,0.85332,0.93883,0.5,0.48052,0.4302,0.61453,0.97445,0.8591,0.000731813,0.000731813,0.000731813
36,108.977,0.54811,0.52683,0.84558,0.93929,0.5,0.48219,0.43206,0.59078,0.6921,0.85649,0.000704307,0.000704307,0.000704307
37,111.238,0.53408,0.54188,0.88086,0.94015,0.5,0.58042,0.50073,0.60689,0.62693,0.86265,0.000676802,0.000676802,0.000676802
38,113.258,0.53617,0.48609,0.86545,0.9415,0.5,0.58042,0.50455,0.60462,0.67524,0.86006,0.000649297,0.000649297,0.000649297
39,115.246,0.59225,0.48932,0.88379,0.94192,0.5,0.53896,0.47106,0.58822,0.74868,0.85681,0.000621791,0.000621791,0.000621791
40,117.373,0.50877,0.44159,0.85791,0.95692,0.5,0.50994,0.44493,0.63817,0.82513,0.8772,0.000594286,0.000594286,0.000594286
41,119.428,0.49808,0.42195,0.84737,0.94346,0.5,0.50638,0.43171,0.67742,0.79019,0.88528,0.00056678,0.00056678,0.00056678
42,122.359,0.51426,0.49079,0.87123,0.94383,0.5,0.50623,0.42712,0.63979,0.79282,0.87464,0.000539275,0.000539275,0.000539275
43,124.667,0.51889,0.41776,0.86172,0.9437,0.5,0.50707,0.43101,0.63111,0.81234,0.86638,0.000511769,0.000511769,0.000511769
44,126.678,0.50618,0.4501,0.85266,0.44261,0.5,0.49537,0.44422,0.56245,0.89116,0.84406,0.000484263,0.000484263,0.000484263
45,128.655,0.47463,0.44156,0.84085,0.44397,0.49573,0.5073,0.44488,0.59138,1.0035,0.83555,0.000456758,0.000456758,0.000456758
46,130.668,0.48586,0.46371,0.84095,0.94166,0.5,0.49299,0.42569,0.6094,0.85342,0.85065,0.000429253,0.000429253,0.000429253
47,132.66,0.4745,0.39419,0.84065,0.94168,0.5,0.48103,0.41304,0.57145,0.85807,0.85052,0.000401747,0.000401747,0.000401747
48,135.691,0.47418,0.41922,0.84754,0.94198,0.5,0.45583,0.40113,0.54151,0.85743,0.85105,0.000374242,0.000374242,0.000374242
49,137.866,0.47431,0.41258,0.84982,0.94188,0.5,0.45583,0.41183,0.5281,0.84315,0.84351,0.000346736,0.000346736,0.000346736
50,139.85,0.4809,0.45017,0.85787,0.94183,0.5,0.45583,0.41067,0.5127,0.8701,0.83651,0.000319231,0.000319231,0.000319231
51,143.937,0.41727,0.36636,0.81237,0.9418,0.5,0.46306,0.43082,0.52009,0.83717,0.83451,0.000291725,0.000291725,0.000291725
52,147.405,0.44231,0.38651,0.8499,0.94173,0.5,0.49137,0.45813,0.51529,0.78727,0.83319,0.00026422,0.00026422,0.00026422
53,150.058,0.38229,0.34694,0.80112,0.94174,0.5,0.48693,0.44178,0.50868,0.75347,0.83376,0.000236714,0.000236714,0.000236714
54,152.112,0.3904,0.34053,0.84117,0.9419,0.5,0.48026,0.43991,0.51102,0.75365,0.83753,0.000209209,0.000209209,0.000209209
55,154.181,0.39569,0.33118,0.83853,0.94202,0.5,0.47332,0.42816,0.51303,0.74089,0.8417,0.000181703,0.000181703,0.000181703
56,156.129,0.399,0.33943,0.80554,0.94195,0.5,0.49439,0.43725,0.52908,0.71178,0.85014,0.000154198,0.000154198,0.000154198
57,158.069,0.38493,0.32973,0.81363,0.94197,0.5,0.49892,0.45767,0.52436,0.69584,0.85146,0.000126692,0.000126692,0.000126692
58,160.238,0.36532,0.31595,0.86389,0.94199,0.5,0.49892,0.43302,0.51228,0.68014,0.85066,9.91865e-05,9.91865e-05,9.91865e-05
59,163.126,0.38644,0.309,0.8208,0.94202,0.5,0.49439,0.42977,0.50332,0.69118,0.84932,7.1681e-05,7.1681e-05,7.1681e-05
60,165.181,0.39307,0.33453,0.80932,0.94199,0.5,0.48368,0.42001,0.48166,0.67839,0.84374,4.41755e-05,4.41755e-05,4.41755e-05
